--
-- Script was generated by Devart dbForge Studio 2020 for MySQL, Version 9.0.791.0
-- Product home page: http://www.devart.com/dbforge/mysql/studio
-- Script date 2/12/2022 3:43:31 PM
-- Server version: 8.0.28
-- Client version: 4.1
--

-- 
-- Disable foreign keys
-- 
/*!40014 SET @OLD_FOREIGN_KEY_CHECKS=@@FOREIGN_KEY_CHECKS, FOREIGN_KEY_CHECKS=0 */;

-- 
-- Set SQL mode
-- 
/*!40101 SET @OLD_SQL_MODE=@@SQL_MODE, SQL_MODE='NO_AUTO_VALUE_ON_ZERO' */;

-- 
-- Set character set the client will use to send SQL statements to the server
--
SET NAMES 'utf8';

--
-- Set default database
--
USE cuny607;

--
-- Drop table `basic_ratings`
--
DROP TABLE IF EXISTS basic_ratings;

--
-- Drop table `countries`
--
DROP TABLE IF EXISTS countries;

--
-- Drop table `movies`
--
DROP TABLE IF EXISTS movies;

--
-- Drop table `raters`
--
DROP TABLE IF EXISTS raters;

--
-- Drop table `ratings`
--
DROP TABLE IF EXISTS ratings;

--
-- Drop table `ref_movies`
--
DROP TABLE IF EXISTS ref_movies;

--
-- Set default database
--
USE cuny607;

--
-- Create table `ref_movies`
--
CREATE TABLE ref_movies (
  Movie_Code int NOT NULL,
  Movie_Name varchar(50) DEFAULT NULL,
  PRIMARY KEY (Movie_Code)
)
ENGINE = INNODB,
AVG_ROW_LENGTH = 2730,
CHARACTER SET utf8mb4,
COLLATE utf8mb4_0900_ai_ci;

--
-- Create table `ratings`
--
CREATE TABLE ratings (
  rater_code varchar(3) DEFAULT NULL,
  movie_code varchar(3) DEFAULT NULL,
  rating int DEFAULT NULL,
  date datetime DEFAULT NULL
)
ENGINE = INNODB,
AVG_ROW_LENGTH = 963,
CHARACTER SET utf8mb4,
COLLATE utf8mb4_0900_ai_ci;

--
-- Create table `raters`
--
CREATE TABLE raters (
  rater_code varchar(3) DEFAULT NULL,
  rater_name varchar(50) DEFAULT NULL,
  rater_country_code varchar(2) DEFAULT NULL
)
ENGINE = INNODB,
AVG_ROW_LENGTH = 3276,
CHARACTER SET utf8mb4,
COLLATE utf8mb4_0900_ai_ci;

--
-- Create table `movies`
--
CREATE TABLE movies (
  movie_code char(3) NOT NULL,
  movie_name varchar(50) DEFAULT NULL,
  PRIMARY KEY (movie_code)
)
ENGINE = INNODB,
AVG_ROW_LENGTH = 2730,
CHARACTER SET utf8mb4,
COLLATE utf8mb4_0900_ai_ci;

--
-- Create table `countries`
--
CREATE TABLE countries (
  country_code varchar(2) DEFAULT NULL,
  country_name varchar(25) DEFAULT NULL
)
ENGINE = INNODB,
AVG_ROW_LENGTH = 4096,
CHARACTER SET utf8mb4,
COLLATE utf8mb4_0900_ai_ci;

--
-- Create table `basic_ratings`
--
CREATE TABLE basic_ratings (
  name varchar(20) DEFAULT NULL,
  M1 int DEFAULT NULL,
  M2 int DEFAULT NULL,
  M3 int DEFAULT NULL,
  M4 int DEFAULT NULL,
  M5 int DEFAULT NULL,
  M6 int DEFAULT NULL
)
ENGINE = INNODB,
AVG_ROW_LENGTH = 3276,
CHARACTER SET utf8mb4,
COLLATE utf8mb4_0900_ai_ci;

-- 
-- Dumping data for table ref_movies
--
INSERT INTO ref_movies VALUES
(1, 'Lord Of The Rings'),
(2, 'The Godfather'),
(3, 'Star Wars'),
(4, 'Back To The Future'),
(5, 'The Matrix'),
(6, 'Mighty Ducks');

-- 
-- Dumping data for table ratings
--
INSERT INTO ratings VALUES
('001', '001', 1, '2022-02-10 00:00:00'),
('001', '002', 1, '2022-02-10 00:00:00'),
('001', '003', 2, '2022-02-10 00:00:00'),
('001', '004', 1, '2022-02-10 00:00:00'),
('001', '005', 1, '2022-02-10 00:00:00'),
('001', '006', 5, '2022-02-10 00:00:00'),
('002', '001', 1, '2022-02-10 00:00:00'),
('002', '003', 3, '2022-02-10 00:00:00'),
('002', '005', 2, '2022-02-10 00:00:00'),
('003', '002', 1, '2022-02-10 00:00:00'),
('003', '003', 2, '2022-02-10 00:00:00'),
('003', '004', 3, '2022-02-10 00:00:00'),
('003', '005', 5, '2022-02-10 00:00:00'),
('004', '005', 3, '2022-02-10 00:00:00'),
('005', '002', 2, '2022-02-10 00:00:00'),
('005', '003', 2, '2022-02-10 00:00:00'),
('005', '004', 1, '2022-02-10 00:00:00');

-- 
-- Dumping data for table raters
--
INSERT INTO raters VALUES
('001', 'Juan Falck', 'SG'),
('002', 'Donald Trump', 'US'),
('003', 'Elisabeth Windsor', 'UK'),
('004', 'AMLO', 'MX'),
('005', 'Joe Biden', 'US');

-- 
-- Dumping data for table movies
--
INSERT INTO movies VALUES
('001', 'Lord Of The Rings'),
('002', 'The Godfather'),
('003', 'Star Wars'),
('004', 'Back To The Future'),
('005', 'The Matrix'),
('006', 'Mighty Ducks');

-- 
-- Dumping data for table countries
--
INSERT INTO countries VALUES
('US', 'United States'),
('UK', 'United Kingdom'),
('MX', 'Mexico'),
('SG', 'Singapore');

-- 
-- Dumping data for table basic_ratings
--
INSERT INTO basic_ratings VALUES
('Juan', 2, 1, 2, 1, 3, 4),
('Peter', 1, 3, 2, 4, 4, 4),
('Mary', NULL, 3, NULL, 4, NULL, NULL),
('Paul', 2, 1, 1, 1, 2, 5),
('Donald', 1, 2, NULL, 3, 1, 1),
('Megan Falck', 4, 5, 1, 1, 5, 5),
('George Lucas', 1, 1, 5, 1, 1, 1);

-- 
-- Restore previous SQL mode
-- 
/*!40101 SET SQL_MODE=@OLD_SQL_MODE */;

-- 
-- Enable foreign keys
-- 
/*!40014 SET FOREIGN_KEY_CHECKS = @OLD_FOREIGN_KEY_CHECKS */;